donor_acceptor,percentage
ARG5_A:DA8_C,98.0
ARG5_A:DC7_C,100.0
ARG5_A:DT11_B,100.0
ASN8_A:DT9_B,100.0
ARG18_A:DT8_B,32.0
ASN30_A:DG11_C,66.0
SER34_A:DA7_B,98.0
TYR72_A:DT13_B,50.0
TYR72_A:DA6_C,100.0
ARG73_A:DT13_B,42.0
ARG75_A:DC7_C,42.0
DA1_B:DT16_C,72.0
DC2_B:DG15_C,100.0
DT3_B:DA14_C,100.0
DA4_B:DT13_C,100.0
DG5_B:DC12_C,100.0
DC6_B:DG11_C,100.0
DA7_B:DT10_C,100.0
DT8_B:DA9_C,100.0
DT9_B:DA8_C,100.0
DG10_B:DC7_C,100.0
DT11_B:DA6_C,100.0
DC12_B:DG5_C,100.0
DT13_B:DA4_C,100.0
DG14_B:DC3_C,100.0
DG15_B:DC2_C,100.0
DG16_B:DC1_C,100.0
ASN8_A:DG10_B,82.0
HIS29_A:DC12_C,82.0
TRP41_A:DG10_B,72.0
TRP41_A:DT9_B,54.0
ARG75_A:DA6_C,46.0
